<?xml version="1.0" encoding="UTF-8"?>
<project-private xmlns="http://www.netbeans.org/ns/project-private/1">
    <editor-bookmarks xmlns="http://www.netbeans.org/ns/editor-bookmarks/2" lastBookmarkId="0"/>
    <open-files xmlns="http://www.netbeans.org/ns/projectui-open-files/2">
        <group>
            <file>file:/C:/Users/ESTUDIANTES/Documents/NetBeansProjects/Donacion-pst/src/java/ch/ListarServlet.java</file>
            <file>file:/C:/Users/ESTUDIANTES/Documents/NetBeansProjects/Donacion-pst/src/java/ch/DemoServlet.java</file>
            <file>file:/C:/Users/ESTUDIANTES/Documents/NetBeansProjects/Donacion-pst/web/index.html</file>
        </group>
    </open-files>
</project-private>
